Date,Year,DOY,DOW,Day,ETref,ETc,ETcadj,T,E,p,Ks,h,Zr,fc,tKcb,Kcb,Kcmax,Kc,Kcadj,Ke,Kr,fw,few,De,DPe,Irrig,IrrLoss,Rain,Runoff,DP,TAW,DAW,RAW,Veff,Vp,Vs,Vr,Ds,Dr,fDr,fDs,theta0,Se,K
2018-05-25,2018,145,Fri,-8,10.79,3.7764999999999995,0.0,,0.0,,,,,,,,,,0.0,,0.0,,,0.0,8.0,126.80000000000001,0.0,0.0,0.0,8,49.24000000000001,54.08,,103.32000000000001,0.0,54.08,49.24000000000001,0.0,0.0,0.0,0.0,0.37250000000000005,,8
2018-05-26,2018,146,Sat,-7,9.54,3.3389999999999995,3.3389999999999995,,3.3389999999999995,,,,,,,,,,0.35,,1.0,,,3.3389999999999995,0.0,0.0,0.0,0.0,0.0,8,49.24000000000001,54.08,,91.98100000000001,0.0,42.741,49.24000000000001,11.338999999999999,0.0,0.0,0.20967085798816565,0.34415250000000003,,8
2018-05-27,2018,147,Sun,-6,8.5,2.9749999999999996,2.9749999999999996,,2.9749999999999996,,,,,,,,,,0.35,,1.0,,,0.0,8.0,69.339,0.0,0.0,0.0,8,49.24000000000001,54.08,,150.345,47.02499999999999,54.08,49.24000000000001,0.0,0.0,0.0,0.0,0.49006249999999996,,8
2018-05-28,2018,148,Mon,-5,8.55,9.405000000000001,9.405000000000001,,9.405000000000001,,,,,,,,,,1.1,,1.0,,,0.0,8.0,58.0,0.0,0.0,0.0,8,49.24000000000001,54.08,,190.94,87.62,54.079999999999984,49.24000000000001,1.4210854715202004e-14,0.0,0.0,2.220446049250313e-16,0.59155,,8
2018-05-29,2018,149,Tue,-4,10.73,11.803,11.803,,11.803,,,,,,,,,,1.1,,1.0,,,11.803,0.0,0.0,0.0,0.0,0.0,8,49.24000000000001,54.08,,171.137,67.817,54.08,49.24000000000001,0.0,0.0,0.0,0.0,0.5420425,,8
2018-05-30,2018,150,Wed,-3,9.15,10.065000000000001,10.065000000000001,,10.065000000000001,,,,,,,,,,1.1,,0.7751870324189526,,,18.020000000000003,0.0,0.0,0.0,0.0,0.0,8,49.24000000000001,54.08,,153.072,49.751999999999995,54.08,49.24000000000001,0.0,0.0,0.0,0.0,0.49688,,8
2018-05-31,2018,151,Thu,-2,9.02,9.922,9.922,,9.922,,,,,,,,,,1.1,,0.0,,,0.0,8.0,58.0,0.0,0.0,0.0,8,49.24000000000001,54.08,,193.15,89.82999999999998,54.08,49.24000000000001,0.0,0.0,0.0,0.0,0.597075,,8
2018-06-01,2018,152,Fri,-1,9.97,10.967000000000002,10.967000000000002,,10.967000000000002,,,,,,,,,,1.1,,1.0,,,10.967000000000002,0.0,0.0,0.0,0.0,0.0,8,49.24000000000001,54.08,,174.183,70.86299999999999,54.08,49.24000000000001,0.0,0.0,0.0,0.0,0.5496575,,8
2018-06-01,2018,152,Fri,0,9.97,0.9970000000000001,0.9970000000000001,0.9970000000000001,0.0,0.6,1.0,0.05,0.4,0.0,0.1,0.1,1.190208179743285,0.1,0.1,0.0,0.0,1.0,1.0,18.020000000000003,0.0,0.0,0.0,0.0,0.0,8,49.24000000000001,54.08,32.448,173.186,69.866,54.08,49.24000000000001,0.0,0.0,0.0,0.0,0.547165,1.0,8
2018-06-02,2018,153,Sat,1,9.03,0.903,0.903,0.903,0.0,0.6,1.0,0.05,0.4,0.0,0.1,0.1,1.1851346369945197,0.1,0.1,0.0,0.0,1.0,1.0,18.020000000000003,0.0,0.0,0.0,0.0,0.0,8,49.24000000000001,54.08,32.448,164.28300000000002,60.96300000000001,54.08,49.24000000000001,0.0,0.0,0.0,0.0,0.5249075000000001,1.0,8
2018-06-03,2018,154,Sun,2,8.3,0.8300000000000001,0.8300000000000001,0.8300000000000001,0.0,0.6,1.0,0.05,0.4,0.0,0.1,0.1,1.1719522372379831,0.1,0.1,0.0,0.0,1.0,1.0,18.020000000000003,0.0,0.0,0.0,0.0,0.0,8,49.24000000000001,54.08,32.448,155.453,52.132999999999996,54.08,49.24000000000001,0.0,0.0,0.0,0.0,0.5028325,1.0,8
2018-06-04,2018,155,Mon,3,9.51,0.9510000000000001,0.9510000000000001,0.9510000000000001,0.0,0.6,1.0,0.05,0.4,0.0,0.1,0.1,1.1821171165427404,0.1,0.1,0.0,0.0,1.0,1.0,18.020000000000003,0.0,0.0,0.0,0.0,0.0,8,49.24000000000001,54.08,32.448,146.502,43.182,54.08,49.24000000000001,0.0,0.0,0.0,0.0,0.48045499999999997,1.0,8
2018-06-05,2018,156,Tue,4,9.4,0.9400000000000001,0.9400000000000001,0.9400000000000001,0.0,0.6,1.0,0.05,0.4,0.0,0.1,0.1,1.1859354871754477,0.1,0.1,0.0,0.0,1.0,1.0,18.020000000000003,0.0,0.0,0.0,0.0,0.0,8,49.24000000000001,54.08,32.448,137.562,34.242000000000004,54.08,49.24000000000001,0.0,0.0,0.0,0.0,0.458105,1.0,8
2018-06-06,2018,157,Wed,5,5.35,0.535,0.535,0.535,0.0,0.6,1.0,0.05,0.4,0.0,0.1,0.1,1.1654122809474114,0.1,0.1,0.0,0.0,1.0,1.0,0.0,0.6737804799999978,0.0,0.0,18.69378048,0.0,8,49.24000000000001,54.08,32.448,147.72078048,44.400780479999995,54.08,49.24000000000001,0.0,0.0,0.0,0.0,0.48350195119999995,1.0,8
2018-06-07,2018,158,Thu,6,7.85,9.14514370755115,9.14514370755115,0.785,8.360143707551149,0.6,1.0,0.05,0.4,0.0,0.1,0.1,1.164986459560656,1.164986459560656,1.164986459560656,1.064986459560656,1.0,1.0,1.0,8.360143707551149,0.0,0.0,0.0,0.0,0.0,8,49.24000000000001,54.08,32.448,130.57563677244886,27.255636772448852,54.08,49.24000000000001,0.0,0.0,0.0,0.0,0.44063909193112216,1.0,8
2018-06-08,2018,159,Fri,7,7.83,9.30928310963313,9.30928310963313,0.783,8.526283109633129,0.6,1.0,0.05,0.4,0.0,0.1,0.1,1.188925045930157,1.188925045930157,1.188925045930157,1.088925045930157,1.0,1.0,1.0,0.0,8.0,70.0,0.0,0.0,0.0,8,49.24000000000001,54.08,32.448,183.26635366281573,79.94635366281574,54.079999999999984,49.24000000000001,1.4210854715202004e-14,0.0,0.0,2.220446049250313e-16,0.5723658841570394,1.0,8
2018-06-09,2018,160,Sat,8,5.55,6.5072212596294445,6.5072212596294445,0.555,5.952221259629444,0.6,1.0,0.05,0.4,0.0,0.1,0.1,1.1724722990323324,1.1724722990323324,1.1724722990323324,1.0724722990323323,1.0,1.0,1.0,0.0,8.0,0.0,0.0,25.24506048,0.0,8,49.24000000000001,54.08,32.448,194.0041928831863,90.68419288318631,54.079999999999984,49.24000000000001,1.4210854715202004e-14,0.0,0.0,2.220446049250313e-16,0.5992104822079658,1.0,8
2018-06-10,2018,161,Sun,9,5.12,5.877941928535714,5.877941928535714,0.512,5.3659419285357135,0.6,1.0,0.05,0.4,0.0,0.1,0.1,1.1480355329171317,1.1480355329171317,1.1480355329171317,1.0480355329171316,1.0,1.0,1.0,5.3659419285357135,0.0,0.0,0.0,0.0,0.0,8,49.24000000000001,54.08,32.448,180.1262509546506,76.8062509546506,54.08,49.24000000000001,0.0,0.0,0.0,0.0,0.5645156273866265,1.0,8
2018-06-11,2018,162,Mon,10,8.57,10.031113202295016,10.031113202295016,0.8570000000000001,9.174113202295015,0.6,1.0,0.05,0.4,0.0,0.1,0.1,1.1704916222047859,1.1704916222047859,1.1704916222047859,1.0704916222047858,1.0,1.0,1.0,14.540055130830728,0.0,0.0,0.0,0.0,0.0,8,49.24000000000001,54.08,32.448,162.09513775235558,58.775137752355576,54.08,49.24000000000001,0.0,0.0,0.0,0.0,0.5194378443808889,1.0,8
2018-06-12,2018,163,Tue,11,8.53,4.791753358028772,4.791753358028772,0.853,3.938753358028772,0.6,1.0,0.05,0.4,0.0,0.1,0.1,1.1641718335289724,0.5617530314218959,0.5617530314218959,0.46175303142189594,0.43390833780165505,1.0,1.0,18.020000000000003,0.0,0.0,0.0,0.0,0.0,8,49.24000000000001,54.08,32.448,149.3033843943268,45.98338439432679,54.08,49.24000000000001,0.0,0.0,0.0,0.0,0.487458460985817,1.0,8
2018-06-13,2018,164,Wed,12,9.9,0.9900000000000001,0.9900000000000001,0.9900000000000001,0.0,0.6,1.0,0.05,0.4,0.0,0.1,0.1,1.1766789120303454,0.1,0.1,0.0,0.0,1.0,1.0,18.020000000000003,0.0,0.0,0.0,0.0,0.0,8,49.24000000000001,54.08,32.448,140.3133843943268,36.99338439432678,54.08,49.24000000000001,0.0,0.0,0.0,0.0,0.464983460985817,1.0,8
2018-06-14,2018,165,Thu,13,9.82,0.9820000000000001,0.9820000000000001,0.9820000000000001,0.0,0.6,1.0,0.05,0.4,0.0,0.1,0.1,1.1806835260739086,0.1,0.1,0.0,0.0,1.0,1.0,18.020000000000003,0.0,0.0,0.0,0.0,0.0,8,49.24000000000001,54.08,32.448,131.3313843943268,28.011384394326782,54.08,49.24000000000001,0.0,0.0,0.0,0.0,0.442528460985817,1.0,8
2018-06-15,2018,166,Fri,14,8.31,0.8310000000000001,0.8310000000000001,0.8310000000000001,0.0,0.6,1.0,0.05,0.4,0.0,0.1,0.1,1.1717101172896227,0.1,0.1,0.0,0.0,1.0,1.0,0.0,8.0,70.0,0.0,0.0,0.0,8,49.24000000000001,54.08,32.448,192.5003843943268,89.18038439432678,54.08,49.24000000000001,0.0,0.0,0.0,0.0,0.595450960985817,1.0,8
2018-06-16,2018,167,Sat,15,5.99,6.961951157759248,6.961951157759248,0.5990000000000001,6.362951157759247,0.6,1.0,0.05,0.4,0.0,0.1,0.1,1.1622622967878544,1.1622622967878544,1.1622622967878544,1.0622622967878543,1.0,1.0,1.0,6.362951157759247,0.0,0.0,0.0,0.0,0.0,8,49.24000000000001,54.08,32.448,177.53843323656756,74.21843323656755,54.08,49.24000000000001,0.0,0.0,0.0,0.0,0.5580460830914189,1.0,8
2018-06-17,2018,168,Sun,16,5.53,6.400669431839661,6.400669431839661,0.553,5.84766943183966,0.6,1.0,0.05,0.4,0.0,0.1,0.1,1.1574447435514756,1.1574447435514756,1.1574447435514756,1.0574447435514756,1.0,1.0,1.0,12.210620589598907,0.0,0.0,0.0,0.0,0.0,8,49.24000000000001,54.08,32.448,163.13776380472788,59.817763804727875,54.08,49.24000000000001,0.0,0.0,0.0,0.0,0.5220444095118197,1.0,8
2018-06-18,2018,169,Mon,17,6.15,5.344744801079595,5.344744801079595,0.6150000000000001,4.729744801079595,0.6,1.0,0.05,0.4,0.0,0.1,0.1,1.161713207307984,0.869064195297495,0.869064195297495,0.769064195297495,0.724361522493902,1.0,1.0,16.9403653906785,0.0,0.0,0.0,0.0,0.0,8,49.24000000000001,54.08,32.448,149.79301900364828,46.473019003648275,54.08,49.24000000000001,0.0,0.0,0.0,0.0,0.48868254750912066,1.0,8
2018-06-19,2018,170,Tue,18,7.35,1.7820742930539155,1.7820742930539155,0.735,1.0470742930539156,0.6,1.0,0.05,0.4,0.0,0.1,0.1,1.1582486628420108,0.24245908749032866,0.24245908749032866,0.14245908749032865,0.13461778171091043,1.0,1.0,17.98743968373242,0.0,0.0,0.0,0.0,0.0,8,49.24000000000001,54.08,32.448,140.01094471059437,36.690944710594366,54.08,49.24000000000001,0.0,0.0,0.0,0.0,0.46422736177648594,1.0,8
2018-06-20,2018,171,Wed,19,7.45,0.7768936024508367,0.7768936024508367,0.7450000000000001,0.031893602450836694,0.6,1.0,0.05,0.4,0.0,0.1,0.1,1.154467156667066,0.10428102046319956,0.10428102046319956,0.004281020463199556,0.004059889808925772,1.0,1.0,18.019333286183254,0.0,0.0,0.0,0.0,0.0,8,49.24000000000001,54.08,32.448,131.23405110814355,27.91405110814354,54.08,49.24000000000001,0.0,0.0,0.0,0.0,0.4422851277703589,1.0,8
2018-06-21,2018,172,Thu,20,6.98,0.6986125019699044,0.6986125019699044,0.6980000000000001,0.0006125019699042844,0.6,1.0,0.05,0.4,0.0,0.1,0.1,1.1555698572921058,0.10008775099855363,0.10008775099855363,8.77509985536224e-05,8.313139859708901e-05,1.0,1.0,0.0,8.0,70.0,0.0,0.0,0.0,8,49.24000000000001,54.08,32.448,192.53543860617364,89.21543860617362,54.08,49.24000000000001,0.0,0.0,0.0,0.0,0.5955385965154341,1.0,8
2018-06-22,2018,173,Fri,21,7.93,9.173359873906072,9.173359873906072,0.793,8.380359873906071,0.6,1.0,0.05,0.4,0.0,0.1,0.1,1.1567919134812197,1.1567919134812197,1.1567919134812197,1.0567919134812196,1.0,1.0,1.0,8.380359873906071,0.0,0.0,0.0,0.0,0.0,8,49.24000000000001,54.08,32.448,175.36207873226758,72.04207873226757,54.08,49.24000000000001,0.0,0.0,0.0,0.0,0.5526051968306689,1.0,8
2018-06-23,2018,174,Sat,22,8.04,9.372140067257094,9.372140067257094,0.8039999999999999,8.568140067257094,0.6,1.0,0.05,0.4,0.0,0.1,0.1,1.1656890630916785,1.1656890630916785,1.1656890630916785,1.0656890630916784,1.0,1.0,1.0,16.948499941163163,0.0,0.0,0.0,0.0,0.0,8,49.24000000000001,54.08,32.448,157.98993866501047,54.66993866501046,54.08,49.24000000000001,0.0,0.0,0.0,0.0,0.5091748466625262,1.0,8
2018-06-24,2018,175,Sun,23,9.0,2.1839641614026473,2.1839641614026473,0.9,1.2839641614026471,0.6,1.0,0.05,0.4,0.0,0.1,0.1,1.1678065027232845,0.24266268460029414,0.24266268460029414,0.14266268460029413,0.1336034986080847,1.0,1.0,18.020000000000003,0.0,0.0,0.0,0.0,0.0,8,49.24000000000001,54.08,32.448,147.8059745036078,44.48597450360781,54.08,49.24000000000001,0.0,0.0,0.0,0.0,0.4837149362590195,1.0,8
2018-06-25,2018,176,Mon,24,9.13,0.9130000000000001,0.9130000000000001,0.9130000000000001,0.0,0.6,1.0,0.05,0.4,0.0,0.1,0.1,1.1694696555622366,0.1,0.1,0.0,0.0,1.0,1.0,18.020000000000003,0.0,0.0,0.0,0.0,0.0,8,49.24000000000001,54.08,32.448,138.8929745036078,35.572974503607796,54.08,49.24000000000001,0.0,0.0,0.0,0.0,0.46143243625901953,1.0,8
2018-06-26,2018,177,Tue,25,6.43,0.643,0.643,0.643,0.0,0.6,1.0,0.05,0.4,0.0,0.1,0.1,1.1611301233392588,0.1,0.1,0.0,0.0,1.0,1.0,18.020000000000003,0.0,0.0,0.0,0.0,0.0,8,49.24000000000001,54.08,32.448,130.2499745036078,26.929974503607795,54.08,49.24000000000001,0.0,0.0,0.0,0.0,0.4398249362590195,1.0,8
2018-06-27,2018,178,Wed,26,3.54,0.35400000000000004,0.35400000000000004,0.35400000000000004,0.0,0.6,1.0,0.05,0.4,0.0,0.1,0.1,1.1658383717598193,0.1,0.1,0.0,0.0,1.0,1.0,0.0,8.0,70.0,0.0,29.47638816,0.0,8,49.24000000000001,54.08,32.448,221.3723626636078,118.05236266360777,54.08,49.24000000000001,0.0,0.0,0.0,0.0,0.6676309066590195,1.0,8
2018-06-28,2018,179,Thu,27,3.73,4.383041538722265,4.383041538722265,0.373,4.010041538722265,0.6,1.0,0.05,0.4,0.0,0.1,0.1,1.1750781605153526,1.1750781605153526,1.1750781605153526,1.0750781605153525,1.0,1.0,1.0,0.0,8.0,0.0,0.0,38.59476768,0.0,8,49.24000000000001,54.08,32.448,247.5840888048855,144.2640888048855,54.08,49.24000000000001,0.0,0.0,0.0,0.0,0.7331602220122138,1.0,8
2018-06-29,2018,180,Fri,28,6.03,7.138140351815344,7.138140351815344,0.6030000000000001,6.535140351815343,0.6,1.0,0.05,0.4,0.0,0.1,0.1,1.1837712026227767,1.1837712026227767,1.1837712026227767,1.0837712026227766,1.0,1.0,1.0,6.535140351815343,0.0,0.0,0.0,0.0,0.0,8,49.24000000000001,54.08,32.448,232.44594845307017,129.12594845307018,54.079999999999984,49.24000000000001,1.4210854715202004e-14,0.0,0.0,2.220446049250313e-16,0.6953148711326754,1.0,8
2018-06-30,2018,181,Sat,29,5.62,6.513369053911747,6.513369053911747,0.562,5.951369053911746,0.6,1.0,0.05,0.4,0.0,0.1,0.1,1.1589624651088517,1.1589624651088517,1.1589624651088517,1.0589624651088516,1.0,1.0,1.0,12.48650940572709,0.0,0.0,0.0,0.0,0.0,8,49.24000000000001,54.08,32.448,217.9325793991584,114.61257939915839,54.08,49.24000000000001,0.0,0.0,0.0,0.0,0.659031448497896,1.0,8
2018-07-01,2018,182,Sun,30,5.61,4.665155024499116,4.665155024499116,0.561,4.104155024499116,0.6,1.0,0.05,0.4,0.0,0.1,0.1,1.1603178869959714,0.8315784357395929,0.8315784357395929,0.7315784357395929,0.6899614207322833,1.0,1.0,4.104155024499116,3.6378992342729095,0.0,0.0,16.12440864,0.0,8,49.24000000000001,54.08,32.448,221.39183301465928,118.07183301465926,54.08,49.24000000000001,0.0,0.0,0.0,0.0,0.6676795825366482,1.0,8
2018-07-02,2018,183,Mon,31,5.8,6.765996633606005,6.765996633606005,0.6895555555555556,6.0764410780504505,0.6,1.0,0.07333333333333333,0.4,0.01527541317870035,0.11888888888888889,0.11888888888888889,1.1665511437251734,1.1665511437251734,1.1665511437251734,1.0476622548362846,1.0,1.0,0.9847245868212996,10.274856111251971,0.0,0.0,0.0,0.0,0.0,8,49.24000000000001,54.08,32.448,206.6258363810533,103.30583638105327,54.08,49.24000000000001,0.0,0.0,0.0,0.0,0.6307645909526332,1.0,8
2018-07-03,2018,184,Tue,32,5.44,6.119909570992389,6.119909570992389,0.7495111111111111,5.370398459881278,0.6,1.0,0.09666666666666666,0.4,0.03033425058338303,0.13777777777777778,0.13777777777777778,1.1600168761927365,1.1249833770206596,1.1249833770206596,0.9872055992428819,0.9657286644324226,1.0,0.969665749416617,15.813257836910825,0.0,0.0,0.0,0.0,0.0,8,49.24000000000001,54.08,32.448,192.5059268100609,89.18592681006089,54.08,49.24000000000001,0.0,0.0,0.0,0.0,0.5954648170251523,1.0,8
2018-07-04,2018,185,Wed,33,4.88,2.0959212280310795,2.0959212280310795,0.7645333333333334,1.3313878946977462,0.6,1.0,0.12000000000000001,0.4,0.045379142279534455,0.15666666666666668,0.15666666666666668,1.1482005442647683,0.42949205492440157,0.42949205492440157,0.2728253882577349,0.27515488317820164,1.0,0.9546208577204656,17.207934984314623,0.0,0.0,0.0,0.0,0.0,8,49.24000000000001,54.08,32.448,182.41000558202984,79.09000558202985,54.079999999999984,49.24000000000001,1.4210854715202004e-14,0.0,0.0,2.220446049250313e-16,0.5702250139550746,1.0,8
2018-07-05,2018,186,Thu,34,6.27,1.7211522190447373,1.7211522190447373,1.1007333333333333,0.6204188857114039,0.6,1.0,0.14333333333333337,0.4,0.059419682639112424,0.17555555555555558,0.17555555555555558,1.1527951068863531,0.27450593605179224,0.27450593605179224,0.09895038049623667,0.10125498948695515,1.0,0.9405803173608875,17.867547857622665,0.0,0.0,0.0,0.0,0.0,8,49.24000000000001,54.08,32.448,172.6888533629851,69.36885336298509,54.08,49.24000000000001,0.0,0.0,0.0,0.0,0.5459221334074628,1.0,8
2018-07-06,2018,187,Fri,35,6.89,1.4651226943609914,1.4651226943609914,1.3397222222222225,0.1254004721387691,0.6,1.0,0.16666666666666669,0.4,0.07344574806967255,0.19444444444444448,0.19444444444444448,1.1519047681084609,0.21264480324542692,0.21264480324542692,0.018200358800982454,0.01900899530889508,1.0,0.9265542519303275,18.00288852642594,0.0,0.0,0.0,0.0,0.0,8,49.24000000000001,54.08,32.448,163.2237306686241,59.90373066862411,54.08,49.24000000000001,0.0,0.0,0.0,0.0,0.5222593266715603,1.0,8
2018-07-07,2018,188,Sat,36,7.17,1.5438739609919065,1.5438739609919065,1.5296000000000003,0.014273960991906304,0.6,1.0,0.19000000000000006,0.4,0.08769058828765013,0.21333333333333337,0.21333333333333337,1.146399210484652,0.2153241228719535,0.2153241228719535,0.001990789538620126,0.002133600196267034,1.0,0.9123094117123499,18.01853449128025,0.0,0.0,0.0,0.0,0.0,8,49.24000000000001,54.08,32.448,153.6798567076322,50.359856707632204,54.08,49.24000000000001,0.0,0.0,0.0,0.0,0.49839964176908047,1.0,8
2018-07-08,2018,189,Sun,37,7.17,1.666222341310711,1.666222341310711,1.6650333333333336,0.0011890079773772021,0.6,1.0,0.21333333333333343,0.4,0.10205876612566815,0.23222222222222227,0.23222222222222227,1.139732545948052,0.23238805318141018,0.23238805318141018,0.00016583095918789432,0.0001827317605678213,1.0,0.8979412338743319,18.01985864026965,0.0,0.0,0.0,0.0,0.0,8,49.24000000000001,54.08,32.448,144.0136343663215,40.69363436632149,54.08,49.24000000000001,0.0,0.0,0.0,0.0,0.47423408591580374,1.0,8
2018-07-09,2018,190,Mon,38,6.89,1.730265542356547,1.730265542356547,1.730155555555556,0.0001099868009909694,0.6,1.0,0.23666666666666675,0.4,0.11359429182406972,0.2511111111111112,0.2511111111111112,1.15678116695819,0.25112707436234355,0.25112707436234355,1.5963251232361306e-05,1.7625901540302974e-05,1.0,0.8864057081759302,18.01998272205294,0.0,0.0,0.0,0.0,0.0,8,49.24000000000001,54.08,32.448,134.28336882396496,30.963368823964956,54.08,49.24000000000001,0.0,0.0,0.0,0.0,0.44990842205991244,1.0,8
2018-07-10,2018,191,Tue,39,6.1,1.6470116215894577,1.6470116215894577,1.6470000000000002,1.1621589457352022e-05,0.6,1.0,0.2600000000000001,0.4,0.12718631491070506,0.2700000000000001,0.2700000000000001,1.1543372602848276,0.2700019051785996,0.2700019051785996,1.9051785995659054e-06,2.1543574890786406e-06,1.0,0.8728136850892949,18.019996037139144,0.0,0.0,0.0,0.0,0.0,8,49.24000000000001,54.08,32.448,124.6363572023755,21.3163572023755,54.08,49.24000000000001,0.0,0.0,0.0,0.0,0.42579089300593875,1.0,8
2018-07-11,2018,192,Wed,40,4.67,1.3491131016930773,1.3491131016930773,1.3491111111111114,1.9905819658260263e-06,0.6,1.0,0.28333333333333344,0.4,0.14085012896876234,0.288888888888889,0.288888888888889,1.1515271740901099,0.28888931513770394,0.28888931513770394,4.262488149520399e-07,4.941223016233417e-07,1.0,0.8591498710312376,0.0,8.0,70.0,0.0,0.0,0.0,8,49.24000000000001,54.08,32.448,185.28724410068244,81.96724410068242,54.08,49.24000000000001,0.0,0.0,0.0,0.0,0.5774181102517061,1.0,8
2018-07-12,2018,193,Thu,41,5.66,6.515282240286754,6.515282240286754,1.7420222222222228,4.773260018064532,0.6,1.0,0.30666666666666675,0.4,0.15416889820425267,0.3077777777777779,0.3077777777777779,1.151109936446423,1.151109936446423,1.151109936446423,0.8433321586686451,1.0,1.0,0.8458311017957474,5.643277964041084,0.0,0.0,0.0,0.0,0.0,8,49.24000000000001,54.08,32.448,170.7719618603957,67.45196186039568,54.08,49.24000000000001,0.0,0.0,0.0,0.0,0.5411299046509892,1.0,8
2018-07-13,2018,194,Fri,42,3.49,3.9622500190664347,3.9622500190664347,1.140066666666667,2.8221833523997675,0.6,1.0,0.3300000000000001,0.4,0.17039900640403963,0.32666666666666677,0.32666666666666677,1.13531519170958,1.13531519170958,1.13531519170958,0.8086485250429133,1.0,1.0,0.8296009935959604,9.045134246983594,0.0,0.0,0.0,0.0,0.0,8,49.24000000000001,54.08,32.448,158.80971184132926,55.48971184132925,54.08,49.24000000000001,0.0,0.0,0.0,0.0,0.5112242796033232,1.0,8
2018-07-14,2018,195,Sat,43,4.29,4.91026889634516,4.91026889634516,1.482433333333334,3.4278355630118265,0.6,1.0,0.3533333333333335,0.4,0.18202000472859126,0.34555555555555567,0.34555555555555567,1.1445848243228811,1.1445848243228811,1.1445848243228811,0.7990292687673255,1.0,1.0,0.8179799952714087,13.235744754364594,0.0,0.0,0.0,0.0,0.0,8,49.24000000000001,54.08,32.448,145.8994429449841,42.57944294498408,54.08,49.24000000000001,0.0,0.0,0.0,0.0,0.47894860736246025,1.0,8
2018-07-15,2018,196,Sun,44,5.05,4.185152538053805,4.185152538053805,1.840444444444445,2.3447080936093596,0.6,1.0,0.37666666666666687,0.4,0.1958529679901962,0.36444444444444457,0.36444444444444457,1.1427630835321367,0.8287430768423376,0.8287430768423376,0.46429863239789304,0.5965405543186293,1.0,0.8041470320098039,2.915770375660323,3.709394765635407,0.0,0.0,16.94513952,0.0,8,49.24000000000001,54.08,32.448,150.65942992693027,47.339429926930265,54.08,49.24000000000001,0.0,0.0,0.0,0.0,0.4908485748173257,1.0,8
2018-07-16,2018,197,Mon,45,3.11,3.558476562024861,3.558476562024861,1.192166666666667,2.3663098953581936,0.6,1.0,0.40000000000000013,0.4,0.20903280175625333,0.38333333333333347,0.38333333333333347,1.1442046823231065,1.1442046823231065,1.1442046823231065,0.7608713489897729,1.0,1.0,0.7909671982437467,5.907436655390149,0.0,0.0,0.0,0.0,0.0,8,49.24000000000001,54.08,32.448,139.10095336490542,35.780953364905415,54.08,49.24000000000001,0.0,0.0,0.0,0.0,0.4619523834122635,1.0,8
2018-07-17,2018,198,Tue,46,3.67,4.055845967706994,4.055845967706994,1.476155555555556,2.5796904121514386,0.6,1.0,0.42333333333333356,0.4,0.2331489771850794,0.40222222222222237,0.40222222222222237,1.1051351410645762,1.1051351410645762,1.1051351410645762,0.7029129188423539,1.0,1.0,0.7668510228149206,9.271441312620745,0.0,0.0,0.0,0.0,0.0,8,49.24000000000001,54.08,32.448,127.04510739719842,23.725107397198414,54.08,49.24000000000001,0.0,0.0,0.0,0.0,0.4318127684929961,1.0,8
2018-07-18,2018,199,Wed,47,3.88,4.303806191937929,4.303806191937929,1.6339111111111118,2.669895080826818,0.6,1.0,0.4466666666666669,0.4,0.24637383354012357,0.42111111111111127,0.42111111111111127,1.1092283999840025,1.1092283999840025,1.1092283999840025,0.6881172888728913,1.0,1.0,0.7536261664598765,0.0,8.0,70.0,0.0,23.3439408,0.0,8,49.24000000000001,54.08,32.448,208.08524200526048,104.76524200526046,54.08,49.24000000000001,0.0,0.0,0.0,0.0,0.6344131050131512,1.0,8
2018-07-19,2018,200,Thu,48,4.07,4.491034615923654,4.491034615923654,1.7908000000000008,2.700234615923653,0.6,1.0,0.47000000000000025,0.4,0.26274238090861296,0.44000000000000017,0.44000000000000017,1.1034483085807503,1.1034483085807503,1.1034483085807503,0.6634483085807501,1.0,1.0,0.7372576190913871,0.0,8.0,0.0,0.0,17.48045664,0.0,8,49.24000000000001,54.08,32.448,213.07466402933682,109.75466402933682,54.079999999999984,49.24000000000001,1.4210854715202004e-14,0.0,0.0,2.220446049250313e-16,0.6468866600733421,1.0,8
2018-07-20,2018,201,Fri,49,4.07,4.45774186925531,4.45774186925531,1.8676777777777787,2.5900640914775312,0.6,1.0,0.49333333333333357,0.4,0.2803828313157492,0.45888888888888907,0.45888888888888907,1.0952682725443021,1.0952682725443021,1.0952682725443021,0.636379383655413,1.0,1.0,0.7196171686842507,3.5992249826573883,0.0,0.0,0.0,0.0,0.0,8,49.24000000000001,54.08,32.448,200.61692216008151,97.29692216008152,54.079999999999984,49.24000000000001,1.4210854715202004e-14,0.0,0.0,2.220446049250313e-16,0.6157423054002038,1.0,8
2018-07-21,2018,202,Sat,50,4.11,4.566148859530735,4.566148859530735,1.9636666666666676,2.6024821928640676,0.6,1.0,0.5166666666666669,0.4,0.28976904086830585,0.47777777777777797,0.47777777777777797,1.1109851239734148,1.1109851239734148,1.1109851239734148,0.6332073461956368,1.0,1.0,0.7102309591316942,0.0,8.0,0.0,0.0,37.22575104,0.0,8,49.24000000000001,54.08,32.448,225.2765243405508,121.9565243405508,54.079999999999984,49.24000000000001,1.4210854715202004e-14,0.0,0.0,2.220446049250313e-16,0.6773913108513769,1.0,8
2018-07-22,2018,203,Sun,51,1.98,2.1797773727079894,2.1797773727079894,0.9834000000000004,1.196377372707989,0.6,1.0,0.5400000000000003,0.4,0.3086780584761324,0.49666666666666687,0.49666666666666687,1.100897662983833,1.100897662983833,1.100897662983833,0.6042309963171661,1.0,1.0,0.6913219415238676,0.0,8.0,0.0,0.0,31.70061792,0.0,8,49.24000000000001,54.08,32.448,246.7973648878428,143.47736488784278,54.08,49.24000000000001,0.0,0.0,0.0,0.0,0.731193412219607,1.0,8
2018-07-23,2018,204,Mon,52,4.33,4.81080372761233,4.81080372761233,2.2323555555555563,2.5784481720567736,0.6,1.0,0.5633333333333337,0.4,0.3199618016611345,0.5155555555555558,0.5155555555555558,1.1110401218504227,1.1110401218504227,1.1110401218504227,0.5954845662948669,1.0,1.0,0.6800381983388655,3.7916225564316366,0.0,0.0,0.0,0.0,0.0,8,49.24000000000001,54.08,32.448,233.98656116023048,130.66656116023046,54.08,49.24000000000001,0.0,0.0,0.0,0.0,0.6991664029005762,1.0,8
2018-07-24,2018,205,Tue,53,4.24,4.679454562509184,4.679454562509184,2.266044444444445,2.4134101180647383,0.6,1.0,0.586666666666667,0.4,0.33859824017144313,0.5344444444444446,0.5344444444444446,1.103644943988015,1.103644943988015,1.103644943988015,0.5692004995435703,1.0,1.0,0.6614017598285569,7.4405546649435985,0.0,0.0,0.0,0.0,0.0,8,49.24000000000001,54.08,32.448,221.3071065977213,117.98710659772127,54.08,49.24000000000001,0.0,0.0,0.0,0.0,0.6674677664943032,1.0,8
2018-07-25,2018,206,Wed,54,3.37,3.711780566755671,3.711780566755671,1.8647333333333338,1.8470472334223371,0.6,1.0,0.6100000000000002,0.4,0.3554852860277954,0.5533333333333335,0.5533333333333335,1.1014185658028697,1.1014185658028697,1.1014185658028697,0.5480852324695362,1.0,1.0,0.6445147139722046,0.0,8.0,0.0,0.0,29.81663136,0.0,8,49.24000000000001,54.08,32.448,239.41195739096563,136.0919573909656,54.08,49.24000000000001,0.0,0.0,0.0,0.0,0.712729893477414,1.0,8
2018-07-26,2018,207,Thu,55,1.2,1.304541245339248,1.304541245339248,0.6866666666666668,0.6178745786725813,0.6,1.0,0.6333333333333335,0.4,0.37876834918919033,0.5722222222222223,0.5722222222222223,1.0871177044493734,1.0871177044493734,1.0871177044493734,0.5148954822271511,1.0,1.0,0.6212316508108097,0.0,8.0,0.0,0.0,19.18409184,0.0,8,49.24000000000001,54.08,32.448,249.29150798562637,145.97150798562637,54.079999999999984,49.24000000000001,1.4210854715202004e-14,0.0,0.0,2.220446049250313e-16,0.7374287699640659,1.0,8
2018-07-27,2018,208,Fri,56,1.92,2.1259064214328594,2.1259064214328594,1.1349333333333333,0.990973088099526,0.6,1.0,0.6566666666666667,0.4,0.38514164695030106,0.5911111111111111,0.5911111111111111,1.1072429278296143,1.1072429278296143,1.1072429278296143,0.5161318167185032,1.0,1.0,0.6148583530496989,0.0,8.0,0.0,0.0,36.03894336,0.0,8,49.24000000000001,54.08,32.448,275.2045449241935,171.8845449241935,54.079999999999984,49.24000000000001,1.4210854715202004e-14,0.0,0.0,2.220446049250313e-16,0.8022113623104837,1.0,8
2018-07-28,2018,209,Sat,57,3.68,4.073901029220937,4.073901029220937,2.2448,1.829101029220937,0.6,1.0,0.6800000000000002,0.4,0.4018485434789817,0.61,0.61,1.1070383231578633,1.1070383231578633,1.1070383231578633,0.49703832315786334,1.0,1.0,0.5981514565210183,3.0579228877237794,0.0,0.0,0.0,0.0,0.0,8,49.24000000000001,54.08,32.448,263.13064389497254,159.81064389497254,54.079999999999984,49.24000000000001,1.4210854715202004e-14,0.0,0.0,2.220446049250313e-16,0.7720266097374313,1.0,8
2018-07-29,2018,210,Sun,58,5.1,5.661042920397381,5.661042920397381,3.2073333333333327,2.4537095870640475,0.6,1.0,0.7033333333333334,0.4,0.4170950069888851,0.6288888888888888,0.6288888888888888,1.1100084157641923,1.1100084157641923,1.1100084157641923,0.48111952687530346,1.0,1.0,0.582904993011115,7.267373169473656,0.0,0.0,0.0,0.0,0.0,8,49.24000000000001,54.08,32.448,249.46960097457514,146.14960097457515,54.079999999999984,49.24000000000001,1.4210854715202004e-14,0.0,0.0,2.220446049250313e-16,0.7378740024364379,1.0,8
2018-07-30,2018,211,Mon,59,5.63,6.247850856788693,6.247850856788693,3.646988888888888,2.6008619678998053,0.6,1.0,0.7266666666666667,0.4,0.4344003011314572,0.6477777777777777,0.6477777777777777,1.1097426033372457,1.1097426033372457,1.1097426033372457,0.46196482555946805,1.0,1.0,0.5655996988685428,11.865787866480593,0.0,0.0,0.0,0.0,0.0,8,49.24000000000001,54.08,32.448,235.22175011778646,131.90175011778643,54.08,49.24000000000001,0.0,0.0,0.0,0.0,0.7022543752944661,1.0,8
2018-07-31,2018,212,Tue,60,5.56,5.60571907388909,5.60571907388909,3.7066666666666657,1.8990524072224244,0.6,1.0,0.7499999999999999,0.4,0.4506466251008558,0.6666666666666665,0.6666666666666665,1.1117732978863042,1.0082228550160235,1.0082228550160235,0.3415561883493569,0.7673581213864598,1.0,0.5493533748991442,15.32267462460977,0.0,0.0,0.0,0.0,0.0,8,49.24000000000001,54.08,32.448,221.61603104389738,118.29603104389736,54.08,49.24000000000001,0.0,0.0,0.0,0.0,0.6682400776097435,1.0,8
2018-08-01,2018,213,Wed,61,5.72,4.739351412934422,4.739351412934422,3.9213777777777765,0.8179736351566453,0.6,1.0,0.7733333333333333,0.4,0.4690909092758276,0.6855555555555554,0.6855555555555554,1.1107467943613683,0.8285579393241996,0.8285579393241996,0.1430023837686443,0.33632485977434323,1.0,0.5309090907241725,16.86337838999625,0.0,0.0,0.0,0.0,0.0,8,49.24000000000001,54.08,32.448,208.87667963096297,105.55667963096295,54.08,49.24000000000001,0.0,0.0,0.0,0.0,0.6363916990774073,1.0,8
2018-08-02,2018,214,Thu,62,5.78,4.41666301588887,4.41666301588887,4.071688888888888,0.344974126999982,0.6,1.0,0.7966666666666665,0.4,0.48223023551373084,0.7044444444444442,0.7044444444444442,1.1182932936261365,0.7641285494617421,0.7641285494617421,0.05968410501729792,0.14421715835458268,1.0,0.5177697644862691,17.52964774495224,0.0,0.0,0.0,0.0,0.0,8,49.24000000000001,54.08,32.448,196.4600166150741,93.1400166150741,54.079999999999984,49.24000000000001,1.4210854715202004e-14,0.0,0.0,2.220446049250313e-16,0.6053500415376852,1.0,8
2018-08-03,2018,215,Fri,63,5.3,3.95961970836064,3.95961970836064,3.833666666666665,0.12595304169397523,0.6,1.0,0.8199999999999997,0.4,0.5049395978252316,0.723333333333333,0.723333333333333,1.1120194081261412,0.7470980581812529,0.7470980581812529,0.023764724847919853,0.061141178933636374,1.0,0.49506040217476843,17.784067288791075,0.0,0.0,0.0,0.0,0.0,8,49.24000000000001,54.08,32.448,184.50039690671346,81.18039690671344,54.08,49.24000000000001,0.0,0.0,0.0,0.0,0.5754509922667836,1.0,8
2018-08-04,2018,216,Sat,64,5.22,3.9301770972916468,3.9301770972916468,3.8743999999999983,0.0557770972916484,0.6,1.0,0.843333333333333,0.4,0.5287381522422258,0.7422222222222219,0.7422222222222219,1.1054437795791412,0.7529074899026144,0.7529074899026144,0.010685267680392414,0.029418043791636924,1.0,0.47126184775777424,17.902424201316524,0.0,0.0,0.0,0.0,0.0,8,49.24000000000001,54.08,32.448,172.57021980942181,69.25021980942181,54.08,49.24000000000001,0.0,0.0,0.0,0.0,0.5456255495235546,1.0,8
2018-08-05,2018,217,Sun,65,4.85,3.718260484437125,3.718260484437125,3.691388888888887,0.026871595548238234,0.6,1.0,0.8666666666666664,0.4,0.5230639852543907,0.7611111111111107,0.7611111111111107,1.1390383080132154,0.7666516462756959,0.7666516462756959,0.005540535164585203,0.014660324025371428,1.0,0.4769360147456093,17.958766340969305,0.0,0.0,0.0,0.0,0.0,8,49.24000000000001,54.08,32.448,160.85195932498468,57.53195932498467,54.08,49.24000000000001,0.0,0.0,0.0,0.0,0.5163298983124617,1.0,8
2018-08-06,2018,218,Mon,66,1.46,1.1424972939384017,1.1424972939384017,1.1387999999999994,0.0036972939384023475,0.6,1.0,0.8899999999999997,0.4,0.5632353489819066,0.7799999999999996,0.7799999999999996,1.1116769412709127,0.7825323931084943,0.7825323931084943,0.0025323931084947587,0.007635119579887542,1.0,0.43676465101809336,0.008465185838148592,2.477589819030694,0.0,0.0,20.43635616,0.0,8,49.24000000000001,54.08,32.448,172.1458181910463,68.82581819104628,54.08,49.24000000000001,0.0,0.0,0.0,0.0,0.5445645454776157,1.0,8
2018-08-07,2018,219,Tue,67,2.13,2.3287349544120044,2.3287349544120044,1.7016333333333322,0.6271016210786721,0.6,1.0,0.9133333333333329,0.4,0.5992465881435604,0.7988888888888884,0.7988888888888884,1.0933027954985937,1.0933027954985937,1.0933027954985937,0.29441390660970523,1.0,1.0,0.40075341185643965,1.5732718787461462,0.0,0.0,0.0,0.0,0.0,8,49.24000000000001,54.08,32.448,161.8170832366343,58.49708323663428,54.08,49.24000000000001,0.0,0.0,0.0,0.0,0.5187427080915857,1.0,8
2018-08-08,2018,220,Wed,68,3.08,3.386325582177737,3.386325582177737,2.518755555555554,0.867570026622183,0.6,1.0,0.9366666666666661,0.4,0.6150240490395826,0.8177777777777773,0.8177777777777773,1.0994563578499146,1.0994563578499146,1.0994563578499146,0.2816785800721373,1.0,1.0,0.38497595096041737,2.253569409875645,6.955920121253854,0.0,0.0,8.529192,0.0,8,49.24000000000001,54.08,32.448,158.95994965445655,55.639949654456544,54.08,49.24000000000001,0.0,0.0,0.0,0.0,0.5115998741361414,1.0,8
2018-08-09,2018,221,Thu,69,4.8,5.246397155958784,5.246397155958784,4.015999999999997,1.2303971559587865,0.6,1.0,0.9599999999999995,0.4,0.6428010889524705,0.8366666666666661,0.8366666666666661,1.0929994074914133,1.0929994074914133,1.0929994074914133,0.2563327408247472,1.0,1.0,0.35719891104752954,5.698140817863694,0.0,0.0,0.0,0.0,0.0,8,49.24000000000001,54.08,32.448,145.71355249849776,42.393552498497755,54.08,49.24000000000001,0.0,0.0,0.0,0.0,0.4784838812462444,1.0,8
2018-08-10,2018,222,Fri,70,4.54,4.925807889656571,4.925807889656571,3.8842222222222196,1.041585667434352,0.6,1.0,0.9833333333333327,0.4,0.6733150956838349,0.855555555555555,0.855555555555555,1.0849797113780995,1.0849797113780995,1.0849797113780995,0.2294241558225445,1.0,1.0,0.32668490431616515,8.886490367147756,0.0,0.0,0.0,0.0,0.0,8,49.24000000000001,54.08,32.448,132.7877446088412,29.467744608841187,54.08,49.24000000000001,0.0,0.0,0.0,0.0,0.44616936152210296,1.0,8
2018-08-11,2018,223,Sat,71,4.35,4.831559692659916,4.831559692659916,3.8038333333333303,1.027726359326585,0.6,1.0,1.006666666666666,0.4,0.6701382120043504,0.8744444444444438,0.8744444444444438,1.1107033776229691,1.1107033776229691,1.1107033776229691,0.2362589331785253,1.0,1.0,0.3298617879956496,0.0,8.0,70.0,0.0,0.0,0.0,8,49.24000000000001,54.08,32.448,189.9561849161813,86.63618491618126,54.08,49.24000000000001,0.0,0.0,0.0,0.0,0.5890904622904533,1.0,8
2018-08-12,2018,224,Sun,72,3.39,3.7120819836751293,3.7120819836751293,3.0283999999999978,0.6836819836751317,0.6,1.0,1.0299999999999991,0.4,0.7095241513685713,0.8933333333333326,0.8933333333333326,1.0950094347124275,1.0950094347124275,1.0950094347124275,0.20167610137909486,1.0,1.0,0.2904758486314287,2.353662057951757,0.0,0.0,0.0,0.0,0.0,8,49.24000000000001,54.08,32.448,178.24410293250617,74.92410293250616,54.08,49.24000000000001,0.0,0.0,0.0,0.0,0.5598102573312654,1.0,8
2018-08-13,2018,225,Mon,73,2.89,3.117601984074393,3.117601984074393,2.63632222222222,0.48127976185217297,0.6,1.0,1.0533333333333326,0.4,0.752213850948933,0.9122222222222215,0.9122222222222215,1.0787550117904474,1.0787550117904474,1.0787550117904474,0.16653278956822593,1.0,1.0,0.247786149051067,4.2959811249993045,0.0,0.0,0.0,0.0,0.0,8,49.24000000000001,54.08,32.448,167.12650094843178,63.806500948431776,54.08,49.24000000000001,0.0,0.0,0.0,0.0,0.5320162523710794,1.0,8
2018-08-14,2018,226,Tue,74,4.61,4.953581381807149,4.953581381807149,4.292422222222219,0.66115915958493,0.6,1.0,1.0766666666666658,0.4,0.7827911017909663,0.9311111111111103,0.9311111111111103,1.074529583906106,1.074529583906106,1.074529583906106,0.14341847279499564,1.0,1.0,0.21720889820903366,7.339867287290204,0.0,0.0,0.0,0.0,0.0,8,49.24000000000001,54.08,32.448,154.17291956662464,50.852919566624635,54.08,49.24000000000001,0.0,0.0,0.0,0.0,0.4996322989165616,1.0,8
2018-08-15,2018,227,Wed,75,4.79,5.200093195163032,5.200093195163032,4.550499999999996,0.649593195163036,0.6,1.0,1.0999999999999992,0.4,0.7949748540134609,0.9499999999999992,0.9499999999999992,1.0856144457542865,1.0856144457542865,1.0856144457542865,0.13561444575428727,1.0,1.0,0.2050251459865391,10.508225939285433,0.0,0.0,0.0,0.0,0.0,8,49.24000000000001,54.08,32.448,140.97282637146162,37.652826371461614,54.08,49.24000000000001,0.0,0.0,0.0,0.0,0.466632065928654,1.0,8
2018-08-16,2018,228,Thu,76,4.14,4.437889286052815,4.437889286052815,3.9329999999999994,0.5048892860528165,0.6,1.0,1.1,0.4,0.801785352835191,0.95,0.95,1.0802050010296775,1.0719539338291826,1.0719539338291826,0.12195393382918274,0.936630182133986,1.0,0.19821464716480897,4.6945135893044645,0.0,0.0,0.0,8.360896896,0.0,8,49.24000000000001,54.08,32.448,136.8958339814088,33.57583398140879,54.08,49.24000000000001,0.0,0.0,0.0,0.0,0.456439584953522,1.0,8
2018-08-17,2018,229,Fri,77,4.12,4.521620845561884,4.521620845561884,3.9139999999999997,0.6076208455618842,0.6,1.0,1.1,0.4,0.7803641299309432,0.95,0.95,1.0974807877577388,1.0974807877577388,1.0974807877577388,0.14748078775773887,1.0,1.0,0.21963587006905683,7.461005444076816,0.0,0.0,0.0,0.0,0.0,8,49.24000000000001,54.08,32.448,124.3742131358469,21.054213135846894,54.08,49.24000000000001,0.0,0.0,0.0,0.0,0.42513553283961725,1.0,8
2018-08-18,2018,230,Sat,78,2.81,3.0249124004267394,3.0249124004267394,2.6694999999999998,0.3554124004267395,0.6,1.0,1.1,0.4,0.8065294963804223,0.95,0.95,1.0764812812906546,1.0764812812906546,1.0764812812906546,0.1264812812906546,1.0,1.0,0.19347050361957774,0.0,8.0,70.0,0.0,17.68226976,0.0,8,49.24000000000001,54.08,32.448,201.03157049542017,97.71157049542018,54.079999999999984,49.24000000000001,1.4210854715202004e-14,0.0,0.0,2.220446049250313e-16,0.6167789262385504,1.0,8
2018-08-19,2018,231,Sun,79,3.41,3.6676506027675004,3.6676506027675004,3.2395,0.42815060276750033,0.6,1.0,1.1,0.4,0.8077137548080311,0.95,0.95,1.075557361515396,1.075557361515396,1.075557361515396,0.12555736151539598,1.0,1.0,0.1922862451919689,2.2266314594684418,0.0,0.0,0.0,0.0,0.0,8,49.24000000000001,54.08,32.448,189.36391989265266,86.04391989265264,54.08,49.24000000000001,0.0,0.0,0.0,0.0,0.5876097997316316,1.0,8
2018-08-20,2018,232,Mon,80,3.89,4.2155424868509135,4.2155424868509135,3.6955,0.5200424868509136,0.6,1.0,1.1,0.4,0.7973905423546537,0.95,0.95,1.0836870146146307,1.0836870146146307,1.0836870146146307,0.13368701461463073,1.0,1.0,0.20260945764534632,4.793355110450281,0.0,0.0,0.0,0.0,0.0,8,49.24000000000001,54.08,32.448,177.14837740580174,73.82837740580173,54.08,49.24000000000001,0.0,0.0,0.0,0.0,0.5570709435145044,1.0,8
2018-08-21,2018,233,Tue,81,4.64,5.080903343306657,5.080903343306657,4.4079999999999995,0.6729033433066578,0.6,1.0,1.1,0.4,0.7833547691657936,0.95,0.95,1.0950222722643659,1.0950222722643659,1.0950222722643659,0.14502227226436593,1.0,1.0,0.2166452308342064,7.89937014117863,0.0,0.0,0.0,0.0,0.0,8,49.24000000000001,54.08,32.448,164.06747406249508,60.74747406249507,54.08,49.24000000000001,0.0,0.0,0.0,0.0,0.5243686851562377,1.0,8
2018-08-22,2018,234,Wed,82,3.27,3.5533064636743426,3.5533064636743426,3.1065,0.44680646367434274,0.6,1.0,1.1,0.4,0.7936968254176475,0.95,0.95,1.0866380622857317,1.0866380622857317,1.0866380622857317,0.13663806228573172,1.0,1.0,0.20630317458235248,2.1657759972859054,5.871329698821371,0.0,0.0,13.77069984,0.0,8,49.24000000000001,54.08,32.448,166.28486743882073,62.96486743882072,54.08,49.24000000000001,0.0,0.0,0.0,0.0,0.5299121685970518,1.0,8
2018-08-23,2018,235,Thu,83,2.54,2.7698290895543964,2.7698290895543964,2.413,0.3568290895543965,0.6,1.0,1.1,0.4,0.788925215816605,0.95,0.95,1.090483893525353,1.090483893525353,1.090483893525353,0.14048389352535295,1.0,1.0,0.21107478418339498,0.0,8.0,0.0,0.0,14.96354688,0.0,8,49.24000000000001,54.08,32.448,170.47858522926632,67.15858522926631,54.08,49.24000000000001,0.0,0.0,0.0,0.0,0.5403964630731658,1.0,8
2018-08-24,2018,236,Fri,84,4.68,5.184342741365056,5.184342741365056,4.446,0.7383427413650556,0.6,1.0,1.1,0.4,0.7680546130447626,0.95,0.95,1.1077655430267213,1.1077655430267213,1.1077655430267213,0.1577655430267213,1.0,1.0,0.23194538695523736,3.1832611592639553,0.0,0.0,0.0,0.0,0.0,8,49.24000000000001,54.08,32.448,157.29424248790127,53.974242487901265,54.08,49.24000000000001,0.0,0.0,0.0,0.0,0.5074356062197531,1.0,8
2018-08-25,2018,237,Sat,85,5.03,5.596457938619039,5.596457938619039,4.7785,0.8179579386190398,0.6,1.0,1.1,0.4,0.7623598032119338,0.95,0.95,1.1126158923695904,1.1126158923695904,1.1126158923695904,0.1626158923695904,1.0,1.0,0.23764019678806625,6.625262763683245,0.0,0.0,0.0,0.0,0.0,8,49.24000000000001,54.08,32.448,143.69778454928223,40.377784549282225,54.08,49.24000000000001,0.0,0.0,0.0,0.0,0.4734444613732056,1.0,8
2018-08-26,2018,238,Sun,86,4.83,5.252047112371859,5.252047112371859,4.5885,0.663547112371859,0.6,1.0,1.1,0.4,0.7927721549735582,0.95,0.95,1.0873803545283351,1.0873803545283351,1.0873803545283351,0.1373803545283352,1.0,1.0,0.20722784502644176,9.827279907118733,0.0,0.0,0.0,0.0,0.0,8,49.24000000000001,54.08,32.448,130.44573743691038,27.12573743691037,54.08,49.24000000000001,0.0,0.0,0.0,0.0,0.44031434359227595,1.0,8
2018-08-27,2018,239,Mon,87,3.65,3.900616083325666,3.900616083325666,3.4675,0.43311608332566587,0.6,1.0,1.1,0.4,0.8166432345185641,0.95,0.95,1.0686619406371687,1.0686619406371687,1.0686619406371687,0.11866194063716873,1.0,1.0,0.18335676548143587,0.0,8.0,70.0,0.0,0.0,0.0,8,49.24000000000001,54.08,32.448,188.5451213535847,85.22512135358471,54.079999999999984,49.24000000000001,1.4210854715202004e-14,0.0,0.0,2.220446049250313e-16,0.5855628033839617,1.0,8
2018-08-28,2018,240,Tue,88,3.67,4.030870671154688,4.030870671154688,3.4865,0.544370671154688,0.6,1.0,1.1,0.4,0.7793356168819291,0.95,0.95,1.0983298831484163,1.0983298831484163,1.0983298831484163,0.14832988314841633,1.0,1.0,0.2206643831180709,2.46696210535894,7.507040256,0.0,0.0,7.507040256,0.0,8,49.24000000000001,54.08,32.448,184.02129093843,80.70129093843002,54.079999999999984,49.24000000000001,1.4210854715202004e-14,0.0,0.0,2.220446049250313e-16,0.574253227346075,1.0,8
2018-08-29,2018,241,Wed,89,3.16,3.433569960500442,3.433569960500442,3.002,0.4315699605004423,0.6,1.0,1.1,0.4,0.7937782417669766,0.95,0.95,1.0865727723102665,1.0865727723102665,1.0865727723102665,0.13657277231026654,1.0,1.0,0.20622175823302336,4.559709079287769,0.0,0.0,0.0,0.0,0.0,8,49.24000000000001,54.08,32.448,172.58772097792956,69.26772097792956,54.08,49.24000000000001,0.0,0.0,0.0,0.0,0.5456693024448239,1.0,8
2018-08-30,2018,242,Thu,90,3.99,4.293051564285946,4.293051564285946,3.7905,0.5025515642859458,0.6,1.0,1.1,0.4,0.8072065758065287,0.95,0.95,1.0759527730039964,1.0759527730039964,1.0759527730039964,0.12595277300399643,1.0,1.0,0.19279342419347134,7.166393235598138,0.0,0.0,0.0,0.0,0.0,8,49.24000000000001,54.08,32.448,160.29466941364362,56.97466941364361,54.08,49.24000000000001,0.0,0.0,0.0,0.0,0.514936673534109,1.0,8
2018-08-31,2018,243,Fri,91,4.32,4.74679937355607,4.74679937355607,4.104,0.6427993735560701,0.6,1.0,1.1,0.4,0.7787717723926215,0.95,0.95,1.0987961512861273,1.0987961512861273,1.0987961512861273,0.14879615128612733,1.0,1.0,0.22122822760737848,10.071987067398249,0.0,0.0,0.0,0.0,0.0,8,49.24000000000001,54.08,32.448,147.54787004008756,44.22787004008755,54.08,49.24000000000001,0.0,0.0,0.0,0.0,0.4830696751002189,1.0,8
2018-09-01,2018,244,Sat,92,2.94,3.190902122256812,3.190902122256812,2.7929999999999997,0.39790212225681254,0.6,1.0,1.1,0.4,0.7937858487127161,0.95,0.95,1.0865666726572298,1.0853408579104804,1.0853408579104804,0.13534085791048045,0.9910240564341336,1.0,0.20621415128728393,12.00154485852424,0.0,0.0,0.0,0.0,0.0,8,49.24000000000001,54.08,32.448,136.35696791783076,33.03696791783075,54.08,49.24000000000001,0.0,0.0,0.0,0.0,0.45509241979457693,1.0,8
2018-09-02,2018,245,Sun,93,1.27,1.3338702083939349,1.3338702083939349,1.2065,0.12737020839393476,0.6,1.0,1.1,0.4,0.7974430393302593,0.95,0.95,1.0836452349523262,1.0502915026723896,1.0502915026723896,0.10029150267238957,0.7504308156453569,1.0,0.20255696066974072,0.0,8.0,0.0,0.0,53.35527456,0.0,8,49.24000000000001,54.08,32.448,180.37837226943682,77.05837226943682,54.08,49.24000000000001,0.0,0.0,0.0,0.0,0.5651459306735921,1.0,8
2018-09-03,2018,246,Mon,94,1.84,2.046933366190751,2.046933366190751,1.748,0.2989333661907511,0.6,1.0,1.1,0.4,0.7625373356054614,0.95,0.95,1.1124637859732343,1.1124637859732343,1.1124637859732343,0.1624637859732343,1.0,1.0,0.23746266439453856,1.2588647017540426,0.0,0.0,0.0,0.0,0.0,8,49.24000000000001,54.08,32.448,170.33143890324607,67.01143890324606,54.08,49.24000000000001,0.0,0.0,0.0,0.0,0.5400285972581151,1.0,8
2018-09-04,2018,247,Tue,95,2.88,3.105225612589723,3.105225612589723,2.7359999999999998,0.36922561258972286,0.6,1.0,1.1,0.4,0.8043298147325829,0.95,0.95,1.0782033377047648,1.0782033377047648,1.0782033377047648,0.12820333770476489,1.0,1.0,0.19567018526741708,3.145844121153643,0.0,0.0,0.0,0.0,0.0,8,49.24000000000001,54.08,32.448,159.22621329065635,55.90621329065634,54.08,49.24000000000001,0.0,0.0,0.0,0.0,0.5122655332266408,1.0,8
2018-09-05,2018,248,Wed,96,3.16,3.385212221538158,3.385212221538158,3.002,0.38321222153815826,0.6,1.0,1.1,0.4,0.8132472223962602,0.95,0.95,1.0712696903601766,1.0712696903601766,1.0712696903601766,0.12126969036017665,1.0,1.0,0.18675277760373976,5.197820142368571,0.0,0.0,0.0,0.0,0.0,8,49.24000000000001,54.08,32.448,147.8410010691182,44.521001069118185,54.08,49.24000000000001,0.0,0.0,0.0,0.0,0.48380250267279545,1.0,8
2018-09-06,2018,249,Thu,97,4.24,4.641332513421592,4.641332513421592,4.028,0.6133325134215915,0.6,1.0,1.1,0.4,0.7838045030726452,0.95,0.95,1.0946538946749036,1.0946538946749036,1.0946538946749036,0.14465389467490364,1.0,1.0,0.21619549692735485,8.034754871067758,0.0,0.0,0.0,0.0,0.0,8,49.24000000000001,54.08,32.448,135.1996685556966,31.879668555696597,54.08,49.24000000000001,0.0,0.0,0.0,0.0,0.4521991713892415,1.0,8
2018-09-07,2018,250,Fri,98,3.96,4.348331976116181,4.348331976116181,3.762,0.5863319761161814,0.6,1.0,1.1,0.4,0.779657889984892,0.95,0.95,1.098063630332369,1.098063630332369,1.098063630332369,0.14806363033236902,1.0,1.0,0.22034211001510795,10.695762229470466,0.0,0.0,0.0,0.0,0.0,8,49.24000000000001,54.08,32.448,122.85133657958042,19.53133657958041,54.08,49.24000000000001,0.0,0.0,0.0,0.0,0.42132834144895104,1.0,8
2018-09-08,2018,251,Sat,99,4.5,4.860902939093248,4.860902939093248,4.2749999999999995,0.585902939093248,0.6,1.0,1.1,0.4,0.7863578748410697,0.95,0.95,1.09256899773501,1.0802006531318329,1.0802006531318329,0.13020065313183288,0.9132466048041813,1.0,0.21364212515893033,0.0,8.0,70.0,0.0,0.0,0.0,8,49.24000000000001,54.08,32.448,179.99043364048717,76.67043364048716,54.08,49.24000000000001,0.0,0.0,0.0,0.0,0.5641760841012179,1.0,8
2018-09-09,2018,252,Sun,100,4.4,4.935204679946897,4.935204679946897,4.18,0.7552046799468962,0.6,1.0,1.1,0.4,0.751950587535442,0.95,0.95,1.1216374272606582,1.1216374272606582,1.1216374272606582,0.17163742726065823,1.0,1.0,0.24804941246455803,3.0445735486464898,0.0,0.0,0.0,0.0,0.0,8,49.24000000000001,54.08,32.448,167.05522896054026,63.735228960540255,54.08,49.24000000000001,0.0,0.0,0.0,0.0,0.5318380724013506,1.0,8
2018-09-10,2018,253,Mon,101,4.21,4.529687127519956,4.529687127519956,3.951085,0.5786021275199567,0.6,1.0,1.1,0.4,0.7903641657707825,0.9385,0.9385,1.0759351846840752,1.0759351846840752,1.0759351846840752,0.13743518468407523,1.0,1.0,0.2096358342292175,5.804608013399822,0.0,0.0,0.0,0.0,0.0,8,49.24000000000001,54.08,32.448,154.5255418330203,51.20554183302029,54.08,49.24000000000001,0.0,0.0,0.0,0.0,0.5005138545825507,1.0,8
2018-09-11,2018,254,Tue,102,4.31,4.610459353217697,4.610459353217697,3.99537,0.6150893532176974,0.6,1.0,1.1,0.4,0.7813347577845376,0.927,0.927,1.0697121469182593,1.0697121469182593,1.0697121469182593,0.14271214691825929,1.0,1.0,0.21866524221546235,8.617534965053242,0.0,0.0,0.0,0.0,0.0,8,49.24000000000001,54.08,32.448,141.9150824798026,38.5950824798026,54.08,49.24000000000001,0.0,0.0,0.0,0.0,0.46898770619950647,1.0,8
2018-09-12,2018,255,Wed,103,4.15,4.516271289201471,4.516271289201471,3.7993250000000005,0.7169462892014705,0.6,1.0,1.1,0.4,0.7424342946767427,0.9155000000000001,0.9155000000000001,1.088258141976258,1.088258141976258,1.088258141976258,0.17275814197625794,1.0,1.0,0.2575657053232573,11.40108213140316,0.0,0.0,0.0,0.0,0.0,8,49.24000000000001,54.08,32.448,129.39881119060112,26.078811190601115,54.08,49.24000000000001,0.0,0.0,0.0,0.0,0.4376970279765028,1.0,8
2018-09-13,2018,256,Thu,104,4.97,5.299382428310497,5.299382428310497,4.49288,0.8065024283104967,0.6,1.0,1.1,0.4,0.7124049269136701,0.9040000000000001,0.9040000000000001,1.1006240633293936,1.066274130444768,1.066274130444768,0.16227413044476796,0.8253014798749179,1.0,0.2875950730863299,0.0,8.0,70.0,0.0,0.0,0.0,8,49.24000000000001,54.08,32.448,186.09942876229061,82.77942876229059,54.08,49.24000000000001,0.0,0.0,0.0,0.0,0.5794485719057265,1.0,8
2018-09-14,2018,257,Fri,105,4.89,5.309085832502414,5.309085832502414,4.364325000000001,0.9447608325024132,0.6,1.0,1.1,0.4,0.7130873054036404,0.8925000000000002,0.8925000000000002,1.0857026242336225,1.0857026242336225,1.0857026242336225,0.19320262423362233,1.0,1.0,0.2869126945963596,3.2928512760006696,0.0,0.0,0.0,0.0,0.0,8,49.24000000000001,54.08,32.448,172.7903429297882,69.4703429297882,54.08,49.24000000000001,0.0,0.0,0.0,0.0,0.5461758573244705,1.0,8
2018-09-15,2018,258,Sat,106,4.99,5.488542572820081,5.488542572820081,4.396190000000002,1.0923525728200794,0.6,1.0,1.1,0.4,0.6818216899161592,0.8810000000000002,0.8810000000000002,1.099908331226469,1.099908331226469,1.099908331226469,0.2189083312264688,1.0,1.0,0.3181783100838408,6.725997213988214,0.0,0.0,0.0,0.0,0.0,8,49.24000000000001,54.08,32.448,159.30180035696813,55.98180035696812,54.08,49.24000000000001,0.0,0.0,0.0,0.0,0.5124545008924203,1.0,8
2018-09-16,2018,259,Sun,107,5.37,6.019568771607015,6.019568771607015,4.669215000000001,1.3503537716070135,0.6,1.0,1.1,0.4,0.6451462449733609,0.8695000000000003,0.8695000000000003,1.1209625273011201,1.1209625273011201,1.1209625273011201,0.25146252730111984,1.0,1.0,0.3548537550266391,10.531378311070425,0.0,0.0,0.0,0.0,0.0,8,49.24000000000001,54.08,32.448,145.2822315853611,41.962231585361096,54.08,49.24000000000001,0.0,0.0,0.0,0.0,0.47740557896340274,1.0,8
2018-09-17,2018,260,Mon,108,5.27,5.764698982102889,5.764698982102889,4.521660000000002,1.2430389821028878,0.6,1.0,1.1,0.4,0.6403010652829483,0.8580000000000003,0.8580000000000003,1.1106077148521143,1.0938707745925786,1.0938707745925786,0.23587077459257835,0.933743352734361,1.0,0.3596989347170517,13.987154411938484,0.0,0.0,0.0,0.0,0.0,8,49.24000000000001,54.08,32.448,131.51753260325822,28.19753260325821,54.08,49.24000000000001,0.0,0.0,0.0,0.0,0.44299383150814553,1.0,8
2018-09-18,2018,261,Tue,109,5.5,5.373366327356863,5.373366327356863,4.655750000000002,0.7176163273568612,0.6,1.0,1.1,0.4,0.6297777549924501,0.8465000000000004,0.8465000000000004,1.105973133332926,0.976975695883066,0.976975695883066,0.13047569588306568,0.5028485770650272,1.0,0.37022224500754985,15.925493712274765,0.0,0.0,0.0,0.0,0.0,8,49.24000000000001,54.08,32.448,118.14416627590136,14.824166275901348,54.08,49.24000000000001,0.0,0.0,0.0,0.0,0.40956041568975343,1.0,8
2018-09-19,2018,262,Wed,110,5.49,4.970773113737382,4.970773113737382,4.584150000000003,0.3866231137373785,0.6,1.0,1.1,0.4,0.6160546375208215,0.8350000000000004,0.8350000000000004,1.1046548088079176,0.9054231536862261,0.9054231536862261,0.07042315368622559,0.2611603850031468,1.0,0.38394536247917854,16.93246801518315,0.0,0.0,0.0,0.0,0.0,8,49.24000000000001,54.08,32.448,105.17339316216398,1.853393162163968,54.08,49.24000000000001,0.0,0.0,0.0,0.0,0.37713348290540993,1.0,8
2018-09-20,2018,263,Thu,111,4.97,4.270275706410806,4.270275706410806,4.092795000000002,0.17748070641080385,0.6,1.0,1.1,0.4,0.618077640238108,0.8235000000000005,0.8235000000000005,1.0868462203480997,0.8592104037043875,0.8592104037043875,0.03571040370438709,0.13560249187242543,1.0,0.38192235976189204,17.397171643746436,0.0,0.0,0.0,0.0,0.0,8,49.24000000000001,54.08,32.448,92.90311745575318,0.0,43.66311745575317,49.24000000000001,10.416882544246832,0.0,0.0,0.19261986953119137,0.3464577936393829,1.0,8
2018-09-21,2018,264,Fri,112,5.01,4.192080802595913,4.192080802595913,4.068120000000002,0.12396080259591089,0.6,1.0,1.1,0.4,0.5637038260144982,0.8120000000000005,0.8120000000000005,1.1306050424032803,0.836742675168845,0.836742675168845,0.02474267516884449,0.0776593960415919,1.0,0.4362961739855018,17.68129240846355,0.0,0.0,0.0,0.0,0.0,8,49.24000000000001,54.08,32.448,80.71103665315727,0.0,31.471036653157256,49.24000000000001,22.608963346842742,0.0,0.0,0.4180651506442815,0.3159775916328932,1.0,8
2018-09-22,2018,265,Sat,113,0.86,0.7019350562545763,0.7019350562545763,0.6884300000000004,0.013505056254575825,0.6,1.0,1.1,0.4,0.5168588059057125,0.8005000000000005,0.8005000000000005,1.1723325319474185,0.816203553784391,0.816203553784391,0.015703553784390496,0.04223286677511904,1.0,0.48314119409428746,0.0,8.0,0.0,0.0,94.0350816,0.0,8,49.24000000000001,54.08,32.448,166.04418319690268,62.72418319690267,54.08,49.24000000000001,0.0,0.0,0.0,0.0,0.5293104579922567,1.0,8
2018-09-23,2018,266,Sun,114,1.04,1.239816731634064,1.239816731634064,0.8205600000000006,0.41925673163406346,0.6,1.0,1.1,0.4,0.4896814628011776,0.7890000000000006,0.7890000000000006,1.1921314727250616,1.1921314727250616,1.1921314727250616,0.403131472725061,1.0,1.0,0.5103185371988224,0.0,8.0,0.0,0.0,35.1996192,0.0,8,49.24000000000001,54.08,32.448,192.00398566526863,88.68398566526861,54.08,49.24000000000001,0.0,0.0,0.0,0.0,0.5942099641631716,1.0,8
2018-09-24,2018,267,Mon,115,0.7,0.7882982125551403,0.7882982125551403,0.5442500000000005,0.24404821255513987,0.6,1.0,1.1,0.4,0.5254591493948471,0.7775000000000006,0.7775000000000006,1.1261403036502005,1.1261403036502005,1.1261403036502005,0.3486403036501998,1.0,1.0,0.47454085060515294,0.5142828320131346,0.0,0.0,0.0,0.0,0.0,8,49.24000000000001,54.08,32.448,183.2156874527135,79.8956874527135,54.079999999999984,49.24000000000001,1.4210854715202004e-14,0.0,0.0,2.220446049250313e-16,0.5722392186317837,1.0,8
2018-09-25,2018,268,Tue,116,2.88,3.1312243473097165,3.1312243473097165,2.206080000000002,0.9251443473097147,0.6,1.0,1.1,0.4,0.5432955659234916,0.7660000000000007,0.7660000000000007,1.0872306761492072,1.0872306761492072,1.0872306761492072,0.32123067614920653,1.0,1.0,0.4567044340765084,2.53997883643321,0.0,0.0,0.0,0.0,0.0,8,49.24000000000001,54.08,32.448,172.08446310540378,68.76446310540378,54.08,49.24000000000001,0.0,0.0,0.0,0.0,0.5444111577635095,1.0,8
2018-09-26,2018,269,Wed,117,4.16,4.592649296613632,4.592649296613632,3.1387200000000033,1.4539292966136295,0.6,1.0,1.1,0.4,0.5151944853369651,0.7545000000000007,0.7545000000000007,1.1040022347628924,1.1040022347628924,1.1040022347628924,0.34950223476289166,1.0,1.0,0.4848055146630349,5.538973799648895,0.0,0.0,0.0,0.0,0.0,8,49.24000000000001,54.08,32.448,159.49181380879014,56.171813808790134,54.08,49.24000000000001,0.0,0.0,0.0,0.0,0.5129295345219753,1.0,8
2018-09-27,2018,270,Thu,118,4.23,4.557668113064834,4.557668113064834,3.1428900000000035,1.4147781130648311,0.6,1.0,1.1,0.4,0.5224822759623068,0.7430000000000008,0.7430000000000008,1.0774629108900318,1.0774629108900318,1.0774629108900318,0.334462910890031,1.0,1.0,0.4775177240376932,8.501749926788325,0.0,0.0,0.0,0.0,0.0,8,49.24000000000001,54.08,32.448,146.9341456957253,43.6141456957253,54.08,49.24000000000001,0.0,0.0,0.0,0.0,0.4815353642393133,1.0,8
2018-09-28,2018,271,Fri,119,4.23,4.546089988550356,4.546089988550356,3.094245000000004,1.4518449885503515,0.6,1.0,1.1,0.4,0.5102827747667884,0.7315000000000008,0.7315000000000008,1.074725765614741,1.074725765614741,1.074725765614741,0.3432257656147403,1.0,1.0,0.4897172252332116,11.466409762592463,0.0,0.0,0.0,0.0,0.0,8,49.24000000000001,54.08,32.448,134.38805570717494,31.068055707174935,54.08,49.24000000000001,0.0,0.0,0.0,0.0,0.45017013926793736,1.0,8
2018-09-29,2018,272,Sat,120,4.61,4.713776528118889,4.713776528118889,3.3192000000000044,1.394576528118885,0.6,1.0,1.1,0.4,0.48399016199264366,0.7200000000000009,0.7200000000000009,1.0902000819993505,1.0225111774661364,1.0225111774661364,0.3025111774661356,0.8171558899510646,1.0,0.5160098380073563,14.169025924920367,0.0,0.0,0.0,0.0,0.0,8,49.24000000000001,54.08,32.448,121.67427917905604,18.354279179056036,54.08,49.24000000000001,0.0,0.0,0.0,0.0,0.41838569794764013,1.0,8
